Profile,savings
Technical,462714
Management,447259
Management,438435
Management,397519
Management,369065
Technical,345759
Technical,308738
Technical,354729
Management,410974
Technical,462879
Management,331006
Technical,338293
Management,451383
Technical,458534
Management,379257
Management,407710
Technical,389125
Management,350340
Management,418618
Management,403929
Technical,432332
Technical,482373
Management,374879
Technical,315280
Management,302033
Technical,390387
Technical,388360
Technical,474727
Management,316437
Management,473523
Management,430842
Technical,471803
Technical,370974
Management,320664
Management,355381
Management,415315
Technical,378027
Management,418848
Management,322040
Management,396839
Technical,346744
Technical,480422
Management,420125
Technical,457904
Management,356419
Management,474390
Technical,415504
Technical,489991
Technical,402725
Management,461621
Technical,412970
Technical,446939
Management,358491
Management,390093
Technical,375740
Management,451101
Technical,311750
Management,429314
Technical,430450
Technical,439829
Management,336005
Management,365411
Management,361466
Technical,373455
Technical,494899
Technical,390621
Technical,350043
Management,338210
Technical,449883
Management,318855
Technical,485611
Management,321649
Technical,402068
Management,431239
Management,462762
Management,306794
Technical,390462
Management,465988
Technical,496815
Technical,339182
Management,439174
Technical,312997
Management,461979
Technical,317237
Technical,485413
Management,456524
Technical,305656
Technical,374819
Technical,497931
Technical,467157
Technical,422744
Technical,376790
Management,301478
Management,406512
Technical,422681
Technical,499073
Technical,428360
Management,317048
Management,460617
Management,447509
Technical,472676
Management,495000
Technical,419578
Technical,434275
Technical,462324
Management,489498
Technical,450023
Management,320907
Management,359049
Management,383770
Management,328603
Technical,312482
Management,409687
Technical,452707
Management,438943
Management,382286
Management,488293
Technical,461867
Technical,439261
Technical,431024
Management,444939
Management,458205
Technical,452211
Management,320417
Technical,406695
Technical,304191
Technical,326398
Technical,454006
Technical,437225
Management,462470
Technical,429457
Technical,329096
Technical,336965
Management,399406
Technical,375229
Technical,354624
Management,361110
Management,380787
Technical,360494
Technical,438412
Management,442935
Management,371622
Management,344870
Management,495008
Management,367271
Technical,300388
Management,356990
Technical,475270
Technical,440643
Management,340722
Management,391790
Management,398911
Technical,429451
Technical,372844
Technical,361238
Management,342306
Management,453676
Management,448199
Management,322431
Technical,344931
Technical,392728
Technical,362586
Management,300003
Technical,480397
Management,383167
Management,395605
Technical,314553
Technical,495355
Technical,360976
Management,388356
Management,397233
Management,389012
Management,485434
Technical,455810
Technical,476306
Technical,411378
Management,325555
Management,452706
Technical,393488
Technical,330526
Management,463000
Technical,408574
Management,467482
Technical,427753
Management,445000
Management,383513
Technical,385573
Technical,381409
Technical,387941
Technical,417273
Management,465211
Technical,426300
Management,391731
Technical,364494
Management,383799
Management,362337
Technical,386727
Technical,312282
Technical,382905
Technical,319719
Technical,464391
Technical,411135
Technical,470616
Technical,416565
Management,399438
Technical,442060
Management,317786
Management,354455
Technical,355031
Management,451878
Management,365297
Management,479779
Management,335176
Technical,413275
Technical,403016
Technical,446416
Technical,423764
Management,497805
Technical,346108
Technical,442306
Technical,333640
Technical,429358
Management,469277
Management,378208
Management,344668
Management,445361
Management,397556
Technical,454109
Technical,362841
Management,310640
Technical,475475
Technical,352120
Technical,428574
Management,409617
Management,379996
Technical,468206
Technical,450368
Management,425360
Management,489719
Management,386048
Technical,374618
Technical,385933
Technical,309363
Management,389698
Technical,412523
Management,391361
Technical,454401
Management,376690
Management,420357
Management,425520
Management,474359
Technical,366567
Management,393797
Management,328626
Management,321325
Technical,388545
Management,424165
Technical,303738
Management,486949
Management,358198
Technical,380049
Technical,344779
Management,337470
Management,439782
Technical,312527
Management,398918
Management,374015
Technical,350843
Management,360481
Management,320180
Management,427963
Management,373844
Management,361282
Management,353863
Management,345872
Technical,395080
Management,312100
Technical,465621
Management,395051
Technical,381468
Technical,313441
Management,408974
Management,478957
Technical,487343
Technical,374113
Management,349754
Technical,323386
Technical,392998
Technical,458804
Management,302764
Technical,471667
Management,480515
Management,401251
Technical,452081
Management,346013
Management,305166
Management,496424
Management,477795
Management,455446
Technical,360177
Management,481178
Technical,381981
Technical,393853
Technical,308329
Technical,314822
Management,369645
Technical,455162
Technical,479919
Management,417527
Technical,468909
Management,491437
Technical,447365
Management,454867
Management,437201
Technical,411537
Management,429228
Management,338359
Management,442043
Technical,378455
Management,367503
Management,353018
Technical,323879
Management,456193
Management,424957
Management,350880
Management,366565
Technical,487598
Management,483413
Technical,465180
Management,321677
Technical,418163
Management,494904
Technical,410673
Technical,426902
Technical,316404
Management,396607
Management,322787
Management,347104
Management,363698
Technical,484532
Technical,473140
Management,460773
Technical,389132
Management,404515
Technical,407516
Technical,309849
Management,493642
Management,389097
Technical,410462
Management,419033
Technical,313087
Technical,421978
Technical,439013
Management,386933
Technical,339835
Management,328501
Management,305154
Management,402347
Management,319283
Technical,332969
Technical,303183
Management,470789
Technical,329225
Technical,365268
Technical,399302
Technical,499764
Technical,399385
Technical,382213
Management,402899
Management,485414
Technical,351582
Technical,302890
Technical,342882
Management,341644
Management,494879
Technical,355918
Technical,319020
Management,461397
Technical,482327
Management,398968
Technical,476203
Management,481670
Management,444905
Technical,362278
Management,417555
Management,396356
Technical,492602
Management,364144
Technical,318277
Technical,478486
Management,399063
Technical,366177
Management,363405
Management,465142
Technical,490027
Management,443263
Technical,441134
Management,302786
Management,300584
Technical,429693
Technical,326204
Management,363771
Technical,323009
Management,452790
Management,331268
Technical,425241
Technical,499250
Technical,487053
Management,401980
Management,435900
Management,354622
Technical,427867
Technical,411359
Management,402706
Technical,324364
Technical,494010
Management,359248
Technical,412257
Management,442643
Technical,454524
Management,444720
Management,360903
Management,321591
Management,329191
Management,469806
Management,426412
Technical,401934
Technical,375677
Technical,367023
Technical,404802
Management,393294
Technical,375926
Management,345750
Technical,383319
Management,395559
Management,496442
Management,373306
Management,338141
Technical,304027
Management,360839
Technical,346253
Technical,364552
Management,400232
Technical,335929
Management,381678
Technical,497026
Management,338991
Technical,476933
Technical,399604
Management,401162
Management,357145
Management,311322
Management,312153
Management,385568
Management,437271
Management,431640
Technical,498568
Technical,496469
Management,333443
Technical,309512
Technical,344584
Management,495116
Technical,393968
Management,478752
Management,304058
Technical,387974
Technical,338543
Technical,367064
Technical,441783
Technical,340362
Management,472855
Technical,437645
Technical,378092
Technical,424413
Management,314221
Management,376635
Management,412498
Management,429399
Management,417841
Management,452958
Management,444258
Management,431885
Technical,413264
Technical,313927
Management,302851
Technical,337056
Technical,437224
Management,327695
Technical,462218
Management,313247
Technical,385897
Technical,377053
Technical,316722
Management,409670
Management,396420
Management,478954
Technical,363844
Management,380096
Technical,403145
Technical,486352
Management,335174
Management,388554
Management,448444
Management,385885
Technical,463027
Management,493581
Management,404137
Management,330154
Technical,437144
Technical,411259
Management,318779
Management,456855
Management,384877
Management,308856
Management,435845
Management,395548
Management,321743
Management,309484
Technical,311957
Management,445846
Technical,437887
Technical,326929
Technical,350900
Technical,326095
Management,423477
Technical,489787
Technical,389306
Technical,429091
Management,497344
Management,346393
Management,333804
Technical,423005
Management,315991
Management,417645
Management,307690
Management,414156
Technical,340883
Technical,404126
Technical,461020
Management,307103
Technical,306212
Technical,410787
Technical,496636
Technical,419166
Management,431154
Management,313723
Management,496188
Technical,394276
Technical,331942
Technical,495724
Management,387982
Technical,462759
Management,479434
Technical,305955
Technical,478084
Management,301194
Management,348420
Management,438401
Technical,386578
Management,480084
Technical,334402
Technical,377002
Management,332258
Management,383293
Technical,310578
Technical,401716
Technical,406572
Management,407751
Technical,361390
Management,419446
Technical,493030
Technical,465262
Technical,313388
Technical,316969
Technical,450883
Technical,363598
Management,499202
Technical,444540
Management,498821
Technical,399451
Management,433729
Management,357513
Management,399818
Technical,475104
Management,421084
Technical,485606
Management,431526
Technical,494805
Technical,440842
Technical,417002
Technical,417382
Management,439199
Management,388898
Technical,300845
Management,427711
Technical,393199
Technical,498053
Technical,380659
Management,333748
Technical,378221
Technical,408129
Management,430369
Technical,444896
Technical,328531
Technical,409288
Technical,372150
Technical,441221
Technical,420756
Management,355837
Management,476665
Technical,453002
Technical,305471
Technical,480704
Technical,417161
Technical,371314
Technical,404132
Technical,446738
Management,365618
Technical,478883
Technical,440123
Management,491583
Management,470061
Technical,484667
Management,456914
Management,447909
Technical,362372
Management,311144
Management,387012
Management,472739
Technical,489357
Management,486175
Management,392045
Technical,424281
Management,386692
Management,491764
Management,414890
Technical,406555
Technical,301771
Management,311783
Management,410426
Management,344613
Management,385433
Management,333061
Technical,400239
Management,372302
Management,388460
Management,405185
Technical,465886
Management,440320
Technical,433837
Technical,321966
Technical,351460
Technical,466496
Technical,314233
Technical,462248
Technical,474711
Technical,438392
Management,363917
Technical,488201
Technical,480194
Management,443790
Technical,345685
Technical,319571
Management,334952
Technical,375192
Management,499800
Management,393505
Technical,300403
Management,442704
Technical,391712
Management,300291
Technical,363614
Management,472019
Technical,307877
Technical,416967
Management,428635
Technical,309977
Management,347303
Management,395620
Technical,449805
Technical,348884
Management,320262
Management,302525
Management,431350
Technical,411158
Management,498057
Management,342983
Management,313784
Technical,430354
Management,467012
Management,325435
Management,440748
Management,478463
Management,396917
Technical,332197
Technical,379160
Technical,377061
Management,446077
Management,386708
Technical,406891
Technical,390282
Technical,491729
Management,483545
Technical,427364
Technical,321674
Technical,372149
Technical,450753
Management,483910
Technical,360502
Technical,408446
Management,311420
Technical,369413
Technical,315689
Management,421177
Technical,375904
Management,323746
Technical,326861
Management,397581
Technical,440980
Technical,420693
Technical,318022
Management,365306
Management,425190
Management,438456
Technical,414723
Technical,422997
Management,381297
Technical,440740
Technical,473076
Technical,418128
Management,410554
Management,314437
Technical,466794
Technical,348049
Technical,402041
Technical,389047
Technical,402455
Management,369000
Management,394508
Management,300340
Management,481536
Management,450814
Management,349180
Technical,310437
Management,430361
Technical,379300
Management,345957
Management,385057
Technical,358840
Management,470148
Technical,347396
Management,386355
Management,461347
Technical,315057
Management,462360
Management,447252
Technical,471507
Technical,468884
Management,369366
Management,404832
Technical,346660
Management,332077
Management,456312
Management,416388
Technical,321286
Technical,431715
Management,303008
Technical,335670
Technical,377160
Technical,303536
Management,344830
Technical,478417
Technical,306355
Technical,330629
Management,397570
Management,474017
Management,337939
Management,486305
Management,455283
Management,354372
Management,410881
Management,317601
Management,362949
Technical,300308
Technical,409676
Technical,339518
Management,337508
Management,304391
Management,413853
Technical,472916
Technical,309218
Management,362568
Technical,448980
Management,396960
Technical,382310
Management,435925
Management,424953
Technical,449402
Technical,453388
Management,334292
Technical,478861
Technical,321296
Management,463641
Technical,493551
Management,334284
Technical,368280
Technical,344701
Technical,430376
Management,361543
Management,307786
Technical,394243
Technical,475502
Management,348604
Management,426148
Management,468816
Technical,457977
Technical,384620
Management,327597
Technical,304497
Technical,465092
Management,429412
Management,495908
Technical,308034
Technical,358063
Management,340848
Technical,481955
Management,309469
Management,338455
Management,415289
Management,459661
Management,366460
Technical,386731
Technical,367611
Management,401047
Management,393209
Management,378833
Management,451434
Technical,442095
Technical,397986
Technical,330233
Management,309079
Management,347400
Technical,366928
Technical,413716
Management,346107
Technical,339228
Technical,396821
Management,461634
Technical,407594
Management,462898
Technical,379802
Management,427910
Technical,334534
Technical,382861
Technical,361855
Technical,321327
Technical,325214
Management,333551
Technical,354237
Management,482875
Technical,499075
Technical,470298
Technical,422303
Technical,357926
Management,486829
Management,490359
Management,448008
Management,307938
Management,496265
Technical,360858
Management,337578
Technical,355634
Management,361918
Management,435983
Management,396216
Technical,367846
Technical,360465
Management,383640
Management,446381
Technical,486454
Management,397328
Management,421906
Technical,388211
Technical,378439
Management,405540
Management,359172
Management,345154
Technical,408906
Management,364420
Management,367402
Technical,354877
Technical,351199
Management,403303
Management,422765
Management,494936
Technical,403464
Technical,381519
Management,473821
Technical,408046
Technical,414890
Management,469097
Management,486500
Management,304243
Management,467784
Technical,402484
Technical,354856
Management,462871
Technical,457318
Management,444999
Technical,366540
Management,483383
Management,442248
Technical,435077
Technical,303600
Management,321677
Technical,407471
Technical,387398
Management,331262
Technical,346782
Technical,447673
Technical,499441
Technical,452446
Management,399171
Management,455995
Management,320961
Management,470698
Technical,427256
Technical,428337
Technical,483618
Management,357567
Management,487159
Technical,364793
Management,413567
Technical,484449
Management,373847
Technical,301974
Management,319868
Technical,456570
Management,379086
Management,403979
Management,377853
Technical,438327
Technical,411033
Management,343846
Management,470999
Technical,495536
Management,319575
Management,347283
Management,489728
Management,409814
Management,397774
Management,393956
Technical,477503
Management,359441
Management,416343
Management,465483
Management,360833
Management,464826
Management,433961
Management,407474
Technical,436859
Technical,407395
Technical,375198
Management,477195
Management,391014
Management,347352
Management,379637
Management,337456
Management,367098
Technical,393182
Technical,350501
Technical,486415
Technical,359260
Technical,401182
Management,344717
Management,470483
Management,489067
Management,344962
Technical,471953
Technical,431832
Management,464438
Management,315885
Management,324338
Technical,300604
Management,323667
Technical,372205
Management,375300
Technical,402105
Management,370471
Technical,390208
Technical,499060
Technical,476176
Technical,327137
Management,335904
Technical,475787
Technical,330183
Technical,428987
Technical,357066
Technical,431506
Technical,498125
Management,478601
Management,330434
Management,358742
Management,388816
Management,414971
Management,458343
Management,423156
Management,458920
Management,359656
Management,427968
Technical,301755
Management,365943
Technical,409947
Management,394917
Technical,465452
Management,485374
Technical,366951
Technical,420745
Technical,329990
Technical,424367
Management,346734
Technical,409649
Management,368834
Management,475472
Technical,423174
Technical,396275
Management,424768
Management,389033
Management,446552
Technical,435438
Technical,390973
Technical,360901
Technical,430141
Management,453209
Management,436217
Technical,432722
Management,389347
Technical,483076
Management,379882
Management,447991
Technical,488321
Management,373234
Management,461712
Technical,338031
Management,371933
Technical,325334
Technical,333339
Management,347651
Technical,447182
Management,379617
Technical,332786
Management,468169
Management,352612
Management,398220
Technical,390721
Management,338777
Technical,311835
Technical,422062
Technical,318706
Management,421532
Management,490922
Management,353992
Management,385177
Management,451308
Technical,377571
Technical,334653
Management,490705
Management,450103
Management,395572
Technical,327659
Management,357721
Management,433036
Management,308435
Technical,314292
Technical,370860
Technical,362601
Technical,324562
Management,458794
Management,451252
Management,370582
Management,491215
Management,448578
Management,328204
Management,463394
Technical,375016
Technical,440582
Management,304046
Management,340558
Management,464812
Management,376547
Management,324730
Technical,414984
Management,470556
Technical,396673
Technical,414708
Technical,366076
Technical,342159
Management,407746
Technical,370061
Technical,392389
Technical,373574
Management,385594
Management,474387
Management,309940
Management,408016
Technical,473222
Technical,373713
Technical,310088
Management,333042
Management,392384
Technical,464187
Management,460945
Technical,404408
Technical,499225
Management,315078
Management,494139
Management,378300
Management,417129
Management,425461
Technical,321408
Technical,355828
Management,460416
Technical,421849
Technical,337442
Technical,308453
Technical,458565
Management,404567
Technical,423182
Management,400586
Technical,356473
Technical,491777
Management,407236
Management,335402
Technical,475788
Management,398878
Technical,334869
Technical,420108
Technical,400487
Management,481033
Technical,487576
Management,478686
Technical,392274
Technical,484728
Management,393732
Management,304231
Management,328127
Management,484406
Technical,477055
Management,419834
Management,400094
Technical,420292
Technical,359005
Technical,386779
Technical,415531
Technical,465575
Technical,483792
Management,436168
Technical,324962
Technical,423122
Technical,381939
Technical,333062
Management,361401
Management,319667
Technical,403825
Technical,494923
Technical,483867
Management,372709
Technical,374466
Management,397371
Technical,367599
Management,446183
Technical,387693
Technical,471448
Management,477523
Management,363806
Technical,456645
Technical,388862
Technical,386566
Technical,413052
Management,336441
Technical,486779
Technical,479616
Technical,390476
Technical,331807
Technical,404642
Management,414946
Management,367480
Technical,377300
Technical,468875
Technical,300298
Technical,487922
Technical,406925
Technical,475477
Technical,487436
Technical,356218
Technical,373442
Technical,422185
Management,405215
Management,333100
Technical,407298
Management,390272
Management,319733
Management,363197
Management,411224
Technical,455761
Management,345783
Technical,386326
Management,410086
Technical,477256
Management,316461
Management,337659
Management,385896
Management,450341
Technical,412025
Technical,371947
Management,496977
Management,402754
Management,387105
Technical,392705
Technical,398820
Technical,360884
Management,459284
Management,406983
Technical,389969
Management,492753
Technical,489695
Management,346090
Management,303874
Management,408682
Management,372802
Management,417692
Technical,318115
Technical,333592
Management,314216
Technical,389896
Management,496109
Technical,426224
Technical,435304
Management,360195
Technical,386830
Management,441790
Management,363751
Technical,495595
Technical,417394
Management,319224
Management,345272
Technical,496644
Management,424641
Technical,410500
Management,476590
Management,399059
Management,320875
Management,342584
Technical,302746
Technical,411717
Technical,464476
Technical,484067
Technical,404315
Management,309979
Technical,334858
Technical,495467
Management,378014
Technical,411165
Technical,317216
Technical,460345
Management,356640
Technical,476949
Management,372179
Technical,339918
Management,426722
Management,462235
Technical,313081
Management,377490
Management,494816
Management,383478
Management,368182
Technical,342259
Technical,456050
Management,356969
Technical,477838
Technical,419631
Technical,307079
Technical,389985
Management,356268
Management,446538
Technical,302749
Technical,337267
Technical,347136
Management,442999
Management,307242
Technical,323692
Management,318460
Management,427399
Management,354860
Management,499122
Management,425138
Management,415497
Technical,371388
Management,405197
Technical,484566
Management,355933
Management,389952
Technical,408145
Management,325861
Management,364542
Technical,436744
Technical,339983
Management,437172
Technical,428555
Management,324489
Management,461106
Technical,428033
Management,452525
Technical,452814
Technical,389986
Management,487146
Technical,350290
Management,477894
Management,316825
Technical,443194
Management,302834
Management,448950
Management,377839
Technical,465201
Management,482446
Management,425462
Technical,376916
Management,475098
Technical,456571
Management,457452
Technical,421193
Technical,328664
Technical,432143
Management,354298
Technical,342948
Technical,379122
Technical,369706
Technical,456042
